{"BigYaw2MidYaw":0.22699999809265138,"MidYaw2YawAndRoll":0.20800000429153443,"YawAndRoll2TailPitch":0.2029999941587448,"TailPitch2TailRoll":0.05700000002980232}