{"BoardR":0.07999999821186066,"Arm1":0.07999999821186066,"Arm2":0.1599999964237213,"TailR":0.019999999552965165}