{"BigYaw2MidYaw":0.25999999046325686,"MidYaw2YawAndRoll":0.20000000298023225,"YawAndRoll2TailPitch":0.10000000149011612,"TailPitch2TailRoll":0.05000000074505806}